id,name,category,offers,address,neighborhood,zip,transit,hours,hours_notes,eligibility,what_to_bring,phone,languages,website,last_verified,verified_by,internal_notes,sources,to_confirm_on_call
F01,Brownsville Fresh Market Pantry,food,"Free groceries, first come first served until food runs out.",69 Belmont Ave,Brownsville,11212,,Mon-Fri 09:00-17:00,Open until food runs out. Bring your own bags or cart.,,Bags or cart.,347-365-3812,,,,,,https://www.foodhelpline.org/resources/brownsville-fresh-market-pantry,Hours and whether ID is needed.
F02,Brownsville Temple SDA Church Food Pantry,food,Free groceries.,1089 Clarkson Ave,Brownsville,11212,,Sun 11:00-13:00,,,,718-345-3689,,,,,,https://www.nycfoodpolicy.org/food-resource-guide-brownsville/,"Address (one source says 1085 Clarkson Ave). Every Sunday, or only 1st and 3rd Sundays?"
F03,Gethsemane Outreach Ministries Food Pantry,food,Free groceries.,144 Newport St,Brownsville,11212,,Fri 13:00-15:00,,,,718-345-1868,,,,,,https://www.nycfoodpolicy.org/food-resource-guide-brownsville/,"Hours: Fri 1-3pm in one source, Mon and Fri 6-7pm in another."
F04,Salvation Army Brownsville,food,Food pickup by appointment.,280 Riverdale Ave,Brownsville,11212,,Mon-Fri 10:00-14:00,By appointment only.,,,718-345-7050,,,,,,https://www.nycfoodpolicy.org/food-resource-guide-brownsville/,How to make an appointment; what to bring.
F05,Bethlehem Nation's Food Pantry,food,Free groceries. Register on site.,1962-84 Linden Blvd,East New York,11207,,,,,ID required. Bring your own bags or cart.,718-257-8300,,,,,,https://www.nycfoodpolicy.org/nyc-food-resource-guide-east-new-york-starrett-city/,Days and hours (none listed). Last verified by the guide Apr 2023.
F06,Family Services Network of New York Food Pantry,food,Free groceries.,1420 Bushwick Ave,East New York,11207,,"Mon,Wed 09:00-13:00",,,"ID requested, but first-time visitors aren't turned away without it.",718-455-6010 x151,,,,,,https://www.nycfoodpolicy.org/nyc-food-resource-guide-east-new-york-starrett-city/,Hours.
F07,Calvary UFW Baptist Church Food Pantry,food,Free groceries until food runs out.,1520-30 Herkimer St,East New York,11207,,Tue 09:00-12:00,Until food runs out.,,No ID needed.,,,,,,,https://www.nycfoodpolicy.org/nyc-food-resource-guide-east-new-york-starrett-city/,Phone number (none listed). Hours.
F08,Church of God of Prophecy,food,Food pantry on Saturdays; soup kitchen on Tuesdays.,71 Malta St,East New York,11207,,Tue 15:00-18:30; Sat 10:00-12:00,"Tuesday is the soup kitchen, Saturday is the pantry.",,No ID needed.,718-649-5533,,,,,,https://www.nycfoodpolicy.org/nyc-food-resource-guide-east-new-york-starrett-city/,Both schedules still running.
F09,Cornerstone SDA Church Food Pantry,food,Free groceries.,138 Pennsylvania Ave,East New York,11207,,Thu 10:00-12:00,,,No ID needed.,718-332-8335,,,,,,https://www.nycfoodpolicy.org/nyc-food-resource-guide-east-new-york-starrett-city/,Second number listed: 718-483-9753. A Liberty Ave Cornerstone listing asks for ID. Same program?
F10,House of David Worship Center Food Pantry,food,Free groceries.,747-749 Hendrix St,East New York,11207,,Wed 10:30-12:30,"Registration on site 7:00-10:30am, then distribution.",,,718-649-5982,,,,,,https://www.foodhelpline.org/locations/east_new_york,Listings differ on the exact times.
F11,East New York Seventh Day Adventist Church Food Pantry,food,Free groceries.,511 Elton St,East New York,11208,,Thu 11:00-14:00,2nd and 4th Thursdays of the month only.,,,718-647-0764,,,,,,https://www.foodhelpline.org/locations/east_new_york,Schedule and ID policy.
F12,Hope Empowerment and Development Zone Food Pantry,food,Free groceries. Walk-ins accepted.,369 New Lots Ave,East New York,11207,,Sat 16:00-20:00,,,,,,,,,,https://www.nycfoodpolicy.org/nyc-food-resource-guide-east-new-york-starrett-city/,Phone number (none listed). Still open?
F13,Community Healthcare Network Food Pantry,food,Free groceries (run with the Institute for Community Living).,2581 Atlantic Ave (entrance on Georgia Ave),East New York,11207,,Wed 09:00-13:00,,,,,,,,,,https://www.nycfoodpolicy.org/nyc-food-resource-guide-east-new-york-starrett-city/,Phone number (only an email listed). Who's eligible.
F14,Bed-Stuy Campaign Against Hunger,food,Large food pantry with fresh food.,2004 Fulton St,Bedford-Stuyvesant,11233,,Mon-Fri 09:30-17:30,,,,718-773-3551,,bedstuyagainsthunger.org,,,,https://council.nyc.gov/chi-osse/wp-content/uploads/sites/108/2026/02/Food-Bank-Resources-For-District-36.pdf,"Hours: Council sheet (Feb 2026) says Mon-Fri 9:30-5:30; another directory says Mon 10-3, Tue/Wed/Fri 10-6. One listing says 2010 Fulton St."
F15,Blessed Assurance Church of God Charity,food,Free groceries.,2093 Fulton St,Bedford-Stuyvesant,11233,,Sat 07:00-11:00,,,ID required; may ask for annual wage report and Social Security number.,347-965-1725,,,,,,https://www.nycfoodpolicy.org/nyc-food-resource-guide-east-new-york-starrett-city/,What documents are really required.
F16,True Holy Church of God in Christ,food,Soup kitchen and food pantry.,1981 Fulton St,Bedford-Stuyvesant,,,,Food pantry Friday from 11am.,,,718-385-0248,,,,,,https://www.coalitionforthehomeless.org/resources/beulah-church,Zip code. End time and soup kitchen days.
F17,St. George's Episcopal Church Meals,food,Free prepared meals.,800 Marcy Ave,Bedford-Stuyvesant,11216,,Tue-Thu 12:00-14:00,Closed on major holidays.,,,,,,,,,https://foodhelpline.org/directory/locations/bedford_stuyvesant,Phone number (none listed). ID policy.
F18,Newman Memorial United Methodist Church Meals,food,Ready-to-eat meals.,257 Macon St,Bedford-Stuyvesant,11216,,Wed 10:00-13:00,,,ID required.,,,,,,,https://foodhelpline.org/directory/locations/bedford_stuyvesant,Phone number (none listed).
F19,Bridge Street AME Church Soup Kitchen,food,Soup kitchen.,277 Stuyvesant Ave,Bedford-Stuyvesant,11221,,Wed 11:00-13:00,,,,718-452-3936,,,,,,https://foodhelpline.org/directory/locations/bedford_stuyvesant,Directory says hours not verified in 6+ months.
F20,Beulah Church of God in Christ Jesus,food,Food pantry (once a month) and soup kitchen.,956 Marcy Ave,Bedford-Stuyvesant,11216,,Wed 12:30-14:00,"Soup kitchen Wed. Pantry once a month, Tue or Thu 10:30am-1pm. Call for the date.",,ID required.,718-636-8500,,,,,,https://foodhelpline.org/directory/locations/bedford_stuyvesant https://www.coalitionforthehomeless.org/resources/beulah-church,Possibly closed (marked closed May 2023). Address 956 or 929 Marcy Ave? Phone 718-636-8500 or 718-484-3823? Coalition lists Sunday soup kitchen too.
F21,St. John's Bread & Life,food,Food program (soup kitchen and pantry).,795 Lexington Ave,Bedford-Stuyvesant,11221,,,,,,718-574-0058,,,,,,https://foodhelpline.org/directory/locations/bedford_stuyvesant,"Days, hours, eligibility (none listed)."
F22,Community Conversation and Collaboration Food Pantry,food,Free groceries.,50 New York Ave,Bedford-Stuyvesant,11216,,Mon 16:00-17:00,1st and 3rd Mondays only. Bring your own bags or cart.,,Bags or cart.,,,,,,,https://www.nycfoodpolicy.org/nyc-food-resource-guide-bedford-stuyvesant/,Phone number (none listed).
F23,Bethany United Methodist Church,food,Soup kitchen; grocery pantry every other week; some grab-and-go hot meals.,1208 St Johns Pl,Crown Heights,11213,,Tue 12:30-14:30,Pantry every other Tuesday. Grab-and-go hot meals every other Thursday 5-7pm.,,,718-774-5689,,,,,,https://nycfoodpolicy.org/?p=20009,Which weeks the pantry runs.
F24,Berean Baptist Church Food Pantry,food,Free groceries. Halal and kosher sometimes available.,118 Rochester Ave,Crown Heights,11213,,Sat 12:30-14:30,,,,718-778-2938,,,,,,https://nycfoodpolicy.org/?p=20009,"Source says 12:30AM-2:30PM, probably a typo for 12:30pm."
F25,Church of God in Christ on the Hill,food,Grab-and-go pantry and soup kitchen.,137 Buffalo Ave,Crown Heights,11213,,Fri 12:00-15:00,"Closes when food runs out, around 2-3pm.",,,718-773-3780,,,,,,https://nycfoodpolicy.org/?p=20009,Hours.
F26,Manna Ministries (Church of God Seventh Day Pentecostal),food,Free groceries.,922 St Marks Ave,Crown Heights,11213,,Tue 17:00-18:00,,,ID and proof of address.,718-221-9718,,,,,,https://nycfoodpolicy.org/?p=20009,Hours.
F27,Catholic Charities at St. Gregory the Great,food,Food pantry.,244 Brooklyn Ave,Crown Heights,11213,,,,,ID required.,718-773-0100,,,,,,https://nycfoodpolicy.org/?p=20009,Days and hours (cut off in source). Catholic Charities hotline listed as 718-722-6001.
F28,Calvary Pentecostal Church Food Pantry,food,Free groceries. Tickets handed out first.,520 Kingston Ave,Crown Heights,11225,,Tue 10:00-11:00,Tickets handed out at 8am Tuesday.,,ID required.,347-713-4451,,,,,,https://www.nycfoodpolicy.org/food-resource-guide-south-crown-heights-lefferts-gardens/,Second number listed: 718-778-7373.
F29,NYC HRA Brooklyn benefits office,food,Apply for SNAP and other benefits in person (HRA program offices).,2400 Fulton St,,,,Mon-Fri 08:30-17:00,,,,,,,,,,https://www.nyc.gov/site/hra/news/changes-to-hra-snap-centers.page,"Did the move from 88 3rd Ave to 2400 Fulton St happen? Is it a SNAP center? Zip, phone (try HRA InfoLine 718-557-1399)."
H01,HELP Women's Shelter (single women's intake),housing,City shelter intake for single adult women in Brooklyn.,116 Williams Ave (between Liberty and Glenmore Aves),East New York,11207,,,,Single adult women.,ID if available.,,,,,,,https://access.nyc.gov/programs/homeless-intake-shelters-and-drop-in-centers-dics/,"Hours (24/7?), phone, zip (one source says 11217)."
H02,PATH intake center (families with children),housing,"Where families with children under 21, or pregnant people, apply for city shelter.","151 East 151st St, Bronx",Bronx (citywide),,,24/7,Open 24/7; applications processed 9am-5pm. Expect a 6-7 hour wait. Diversion counselors may offer other options first.,"Families with children under 21, or pregnant people.","IDs for everyone; a list of every place you've lived in the last 2 years, with names and numbers of people who can confirm it.",718-503-6400,,,,,,https://www.nyc.gov/site/dhs/shelter/families/families-with-children-applying.page https://nylag.org/wp-content/uploads/2023/07/6.20.2023-NYLAG-Testimony-General-Welfare-Committee-D.-Berkman-1-2.pdf,Phone (another source: 917-521-3900). Zip.
H03,Single Men's Intake,housing,City shelter intake for single adult men.,"8 East 3rd St (between Bowery and 2nd Ave), Manhattan",Manhattan (citywide),,,,"Moved from 400-430 East 30th St on Aug 1, 2026. Staff at 30th St redirect people.",Single adult men.,,,,,,,,https://www.nyc.gov/assets/dhs/downloads/pdf/press-releases/pr-30th-st-intake-shelter-update-2026.pdf,"Hours, phone, zip."
H04,Adult Families Intake,housing,City shelter intake for adult couples and families with no children under 21.,"333 Bowery (between East 2nd and 3rd Sts), Manhattan",Manhattan (citywide),,,,,Adult families with no children under 21.,,,,,,,,https://www.nyc.gov/assets/dhs/downloads/pdf/press-releases/pr-30th-st-intake-shelter-update-2026.pdf,"Has it opened at 333 Bowery yet? Hours, phone, zip."
H05,"Franklin Shelter (single women's intake, Bronx)",housing,City shelter intake for single adult women (Bronx site).,"1122 Franklin Ave, Bronx",Bronx (citywide),,,,,Single adult women.,,929-281-2330,,,,,,https://access.nyc.gov/programs/homeless-intake-shelters-and-drop-in-centers-dics/,"Hours, zip."
H06,The Gathering Place (drop-in center),housing,"24-hour drop-in for single adults: meals, showers, laundry, clothing, medical care, help getting into shelter. Chairs, not beds.",2402 Atlantic Ave,East New York,11233,A train to Broadway Junction,24/7,Includes holidays.,Single adults 18+.,,718-385-8726,,,,,,https://www.coalitionforthehomeless.org/get-help/i-need-shelter/drop-in-centers/,Phone (another source: 718-385-8713).
H07,CAMBA HomeBase (Fulton St),housing,"Eviction prevention: case management, help with back rent and benefits, short-term financial help.","1958 Fulton St, 2nd Floor",Bedford-Stuyvesant,,,,,"People at risk of losing housing. Serves zips including 11213, 11216, 11233 and 11238.",,718-408-5756 x37100,,,,,,https://www.nyc.gov/assets/hra/downloads/pdf/services/homelessness-prevention/homebase/homebase-flyer-brooklyn.pdf,"Hours, zip, exact zips served."
H08,CAMBA HomeBase (Eastern Parkway),housing,"Eviction prevention: case management, help with back rent and benefits, short-term financial help.",1117 Eastern Pkwy,Crown Heights,11213,,,,People at risk of losing housing.,,718-622-7323,,,,,,https://www.nyc.gov/assets/hra/downloads/pdf/services/homelessness-prevention/homebase/homebase-flyer-brooklyn.pdf,Hours. Is this a HomeBase walk-in site?
H09,Catholic Charities HomeBase (Fulton St),housing,"Eviction prevention for East New York (11207, 11208, 11239).",,East New York,,,,,"People at risk of losing housing in 11207, 11208, 11239.",,,,,,,,https://www.nyc.gov/assets/hra/downloads/pdf/services/homelessness-prevention/homebase/homebase-flyer-brooklyn.pdf,Address and phone (flyer text was garbled). Call 311 and ask for HomeBase.
H10,Brooklyn Legal Services: East New York/Brownsville Tenant Rights Coalition,housing,"Free lawyers for tenants facing eviction, lockouts or serious repair problems.",1709 St. Marks Ave,Brownsville,11233,,,"Intake line 917-661-4500, Mon-Fri 9:30am-4pm.","Brooklyn tenants. Right to Counsel covers every zip, regardless of immigration status.","Court papers, lease, rent receipts.",718-237-5500,,legalservicesnyc.org,,,,https://www.legalservicesnyc.org/our-program/brooklyn https://www.nyc.gov/site/hra/help/legal-services-for-tenants.page,Walk-in hours at the office.
H11,Brooklyn A (Brooklyn Legal Services Corporation A),housing,Free eviction defense and tenant advocacy.,"260 Broadway, Suite 2",Williamsburg,11211,,,,Low-income Brooklyn tenants.,"Court papers, lease.",718-487-2300,,bka.org,,,,https://hcr.ny.gov/legal-service-providers-new-york-city-area,Is the eastern Brooklyn Fulton St office open? Address.
H12,Legal Aid Society at Brooklyn Housing Court,housing,Free lawyers for tenants with cases in Brooklyn Housing Court.,"141 Livingston St, 2nd Floor",Downtown Brooklyn,11201,,,"At your first court date you can say ""I would like an attorney.""",Tenants with a Brooklyn Housing Court case.,Court papers.,212-577-3300,,legalaidnyc.org,,,,https://legalaidnyc.org/get-help/government-benefits/what-you-need-to-know-about-one-shot-deals-for-back-rent/ https://www.nyc.gov/site/hra/help/legal-services-for-tenants.page,Office hours.
H13,HRA One-Shot Deal (emergency rent help),housing,One-time emergency grant to pay back rent and stop an eviction. Paid to the landlord or the court. Most people repay part of it.,,Citywide (apply online),,,,Apply on ACCESS HRA (online or app) or at a Benefits Access Center. HRA usually calls within a few business days.,"Low-income households with a lease, a rent-stabilized unit, or a landlord agreement to stay. No need to be on public assistance.",Rent demand or landlord letters showing rent owed; any court papers or stipulations; ID; proof of income.,718-557-1399,,,,,,https://www.nyc.gov/assets/hra/downloads/pdf/benefits/Emergency-Rental-Assistance-Grant-Flyer.pdf https://www.legalservicesnyc.org/resources/how-do-i-apply-for-a-one-shot-deal,No address: phone/online only. Decide whether the app should allow listings without an address.
