id,name,category,offers,address,neighborhood,zip,transit,hours,hours_notes,eligibility,what_to_bring,phone,languages,website,last_verified,verified_by,internal_notes
SF01,SAMPLE Brownsville Community Pantry (not a real place),food,"Free groceries once a week, including fresh produce. Baby formula when available.",100 Example Ave (sample),Brownsville,11212,Sample subway line,Mon-Fri 10:00-16:00,Formula runs out early in the week,Anyone in Brooklyn. No income check.,Photo ID if you have one. Not required.,718-555-0101,"English, Spanish",,2026-09-28,Sample,Demo data only
SF02,SAMPLE Hot Meals Kitchen (not a real place),food,"Hot lunch, no questions asked. Take-home bag on Fridays.",200 Example St (sample),East New York,11207,Sample bus line,Mon-Sat 11:30-13:30,,Anyone. Children welcome.,Nothing.,718-555-0102,"English, Spanish, Haitian Creole",,2026-09-30,Sample,Demo data only
SF03,SAMPLE SNAP Enrollment Help Desk (not a real place),food,"Help applying for SNAP (food stamps) and recertifying. Same-day application filing.",300 Example Blvd (sample),Bedford-Stuyvesant,11216,Sample subway line,Tue-Thu 09:00-17:00,Walk-ins until 3pm,Anyone applying for or renewing SNAP.,"ID, proof of address, proof of income if any, Social Security numbers for household members applying.",718-555-0103,"English, Spanish, Bengali",,2026-09-15,Sample,Demo data only
SF04,SAMPLE Sunset Park Family Pantry (not a real place),food,"Groceries for families, halal and kosher options on request.",400 Example Pl (sample),Sunset Park,11220,Sample subway line,Wed 15:00-19:00; Sat 09:00-12:00,,Families with children under 18 living in 11220 or 11232.,Proof of address and something showing a child in the household (school letter or Medicaid card).,718-555-0104,"English, Spanish, Mandarin, Cantonese",,2026-09-20,Sample,Demo data only
SF05,SAMPLE Late Night Soup Kitchen (not a real place),food,Dinner every evening.,500 Example Rd (sample),Crown Heights,11213,Sample subway line,Mon-Sun 18:00-20:00,,Anyone.,Nothing.,718-555-0105,English,,2026-10-01,Sample,Demo data only
SH01,SAMPLE Tenant Legal Help Clinic (not a real place),housing,"Free lawyers for tenants facing eviction in Housing Court. Can file emergency orders to stop a lockout.",600 Example Ave (sample),Brownsville,11212,Sample subway line,Mon-Fri 09:00-17:00,Bring any court papers you have,"Brooklyn tenants facing eviction or illegal lockout, any income.","Court papers, lease, rent receipts, ID.",718-555-0106,"English, Spanish, Russian",,2026-09-25,Sample,Demo data only
SH02,SAMPLE Emergency Rent Help Office (not a real place),housing,Helps apply for one-time emergency rent assistance to cover back rent.,700 Example St (sample),East New York,11207,Sample bus line,Mon-Thu 10:00-16:00,By appointment; call first,"Brooklyn households behind on rent, income limits apply.","ID, lease, landlord's rent demand or court papers, proof of income.",718-555-0107,"English, Spanish",,2026-09-10,Sample,Demo data only
SH03,SAMPLE Women's Drop-In Center (not a real place),housing,"Safe place to rest, shower, and get a meal. Staff help with shelter placement.",800 Example Blvd (sample),Bedford-Stuyvesant,11216,Sample subway line,24/7,,"Single adult women 18+. No children.",Nothing.,718-555-0108,"English, Spanish",,2026-09-29,Sample,Demo data only
SH04,SAMPLE Family Shelter Navigation Desk (not a real place),housing,Walks families with children through the city shelter intake process and arranges transportation.,900 Example Pl (sample),Crown Heights,11213,Sample subway line,Mon-Fri 08:00-18:00,,Families with children under 21 or pregnant people.,"ID for adults, birth certificates for children if available.",718-555-0109,"English, Spanish, Haitian Creole",,2026-09-27,Sample,Demo data only
SH05,SAMPLE Men's Overnight Shelter (not a real place),housing,Overnight beds. First come first served.,1000 Example Rd (sample),Sunset Park,11220,Sample subway line,Mon-Sun 19:00-24:00 00:00-08:00,Line forms at 6pm,Single adult men 18+.,ID if you have it.,718-555-0110,"English, Spanish, Polish",,2026-10-02,Sample,Demo data only
